"","Moran MC","Moran I"
"Sin EE",0.99009900990099,0.0099009900990099
"Con EE",0.999985713325898,0.0174664262737691
