"","Moran MC","Moran I"
"Sin EE",0.0099009900990099,0.0099009900990099
"Con EE",4.51532594100677e-05,5.45378418478141e-05
