"","Moran MC","Moran I"
"Sin EE",0.98019801980198,0.0297029702970297
"Con EE",0.994619941757738,0.0645963949497136
