"","Moran MC","Moran I"
"Sin EE",0.99009900990099,0.99009900990099
"Con EE",1,1
