"","CPO","PO","WAIC","DIC"
"1",0.649986349813469,0.655721525083064,1303.06489071396,1302.88302149641
