"","cpo","wai","po","dic"
"1",0.597557619323669,719.506859855447,0.763255224056544,NA
