"","CPO","PO","WAIC","DIC"
"1",0.634959828280792,0.636333800041291,1357.27199207099,1356.11471391231
