"","cpo","wai","po","dic"
"1",0.501402928933531,924.763946950083,0.671522549000042,921.061944022584
