"","cpo","wai","po","dic"
"1",0.597500034559999,719.507185871235,0.763255055198503,NA
