"","cpo","wai","po","dic"
"1",0.636975230267034,981.389589776841,0.781404162241234,NA
