"","Sin Ep","Con Ep"
"CPO",0.506107846168392,0.594590063806202
"WAIC",733.023997066325,584.164197509183
"PO",0.675955302659025,0.761178914556908
"DIC",921.062236965108,921.062236965108
