"","Intercept","Bathy","Odismean","Tempmean","Salinity"
"Sin Esp",0,1,0.2345133,0.994042,0.6843617
"Con Esp",0.3070943,0.9947744,0.6672068,0.9012173,0.6456564
