"","% Varianza","% Deviance"
"BIOCLIM",0,0
"MAXENT",0,0
"BRT",0,47.2620312947093
"BRT RAC",0,91.5322556885482
"RF",46.16,0
"RF RAC",86.17,0
"GLM",0,29.3287196018616
"GLM RAC",0,88.3283599816557
"GAM",0,45.6087037208582
"GAM BIV",0,49.0660180217038
"GAM RAC",0,90.3836409041704
